{
  "devices": [
    {
      "device_id": 543664528,
      "ip_addr": "192.168.0.135",
      "last_event_id": 6389,
      "port": 51211,
      "use_ssl": false
    },
    {
      "device_id": 547634389,
      "ip_addr": "192.168.0.100",
      "last_event_id": 295411,
      "port": 51211,
      "use_ssl": true
    }
  ],
  "enroll_device": {
    "device_id": 939504224,
    "ip_addr": "192.168.0.110",
    "last_event_id": 35155,
    "port": 51211,
    "use_ssl": false
  }
}